loss,accuracy,auROC,auPRC
1.088423728942871,0.666,0.6641513683973421,0.21737894073139974
