loss,accuracy,auROC,auPRC
1.0911606550216675,0.67575,0.6691531829159941,0.22137669615499803
