loss,accuracy,auROC,auPRC
1.087030291557312,0.673,0.668959217129056,0.22092456366922675
