loss,accuracy,auROC,auPRC
1.0634428262710571,0.7085,0.6819586790304213,0.23398918019142737
