loss,accuracy,auROC,auPRC
1.0611940622329712,0.71825,0.6869604935490733,0.23901072339132617
