loss,accuracy,auROC,auPRC
1.092539668083191,0.6735,0.6642940271051545,0.2183219565330152
