loss,accuracy,auROC,auPRC
0.9060983657836914,0.77275,0.77766640387431,0.3214665551839465
