loss,accuracy,auROC,auPRC
1.066949486732483,0.85325,0.6838620465267611,0.3026207960834397
