loss,accuracy,auROC,auPRC
0.9426711797714233,0.7515,0.7751373402910738,0.3102455609171476
