loss,accuracy,auROC,auPRC
1.0926260948181152,0.858,0.6618538123662575,0.28985787884171255
